Attribute name	Value	Description
chromosome	chr1
position	1265232
reference	G
alternative	A
worst_effect_MANE_1.5		Worst effect across all transcripts.
effect_details_MANE_1.5		Effect details for each affected transcript. Format: `< transcript 1 >:<gene 1>:<effect 1>:<details 1>|...`
gene_effects_MANE_1.5		`<gene_1>:<effect_1>|...` A gene can be repeated.
dbSNP_rs_number		dbSNP ID (i.e. rs number)
gnomad_v4_exome_ALL_af		Alternate allele frequency
gnomad_v4_genome_ALL_af		Alternate allele frequency
clinical_significance		Aggregate germline classification for this single variant; multiple values are separated by a vertical bar
clinical_disease_name		ClinVar's preferred disease name for the concept specified by disease identifiers in CLNDISDB
phyloP7way		The score is a number that reflects the conservation at a position.
AlphaMissense_pathogenicity		AlphaMissense Pathogenicity score is a deleteriousness score for missense variants
AlphaMissense_class		AlphaMissense Class is a deleteriousness category for missense variants
mpc		Missense badness, PolyPhen-2, and Constraint. A deleteriousness prediction score for missense variants"
worst_effect_GENCODE_49		Worst effect across all transcripts.
effect_details_GENCODE_49		Effect details for each affected transcript. Format: `< transcript 1 >:<gene 1>:<effect 1>:<details 1>|...`
gene_effects_GENCODE_49		`<gene_1>:<effect_1>|...` A gene can be repeated.
pLI_rank_all	None	Gene rank after sorting by pLI intolerance score
pLI_rank_min	None	Gene rank after sorting by pLI intolerance score
LOEUF_rank_all		Gene ranks after sorting by LOEUF scores
LOEUF_rank_min		Gene ranks after sorting by LOEUF scores
worst_effect	5'UTR-intron	Worst effect across all transcripts.
gene_effects	GNB1:5'UTR-intron	`<gene_1>:<effect_1>|...` A gene can be repeated.
effect_details	XM_054336067.1:GNB1:5'UTR-intron:6/15[5345]|XM_054336076.1:GNB1:5'UTR-intron:5/14[5345]|XM_054336074.1:GNB1:5'UTR-intron:4/13[5345]|XM_054336079.1:GNB1:5'UTR-intron:1/10[5345]|XM_054336075.1:GNB1:5'UTR-intron:2/11[5345]|XM_054336085.1:GNB1:5'UTR-intron:1/9[5345]|XM_054336086.1:GNB1:5'UTR-intron:1/9[5345]|XM_054336059.1:GNB1:5'UTR-intron:4/13[5345]|XM_054336060.1:GNB1:5'UTR-intron:7/16[5345]|XM_054336058.1:GNB1:5'UTR-intron:6/15[5345]|XM_054336066.1:GNB1:5'UTR-intron:5/14[5345]|XM_054336062.1:GNB1:5'UTR-intron:6/15[5345]|XM_054336068.1:GNB1:5'UTR-intron:5/14[5345]|XM_054336055.1:GNB1:5'UTR-intron:4/13[5345]|XM_054336063.1:GNB1:5'UTR-intron:6/15[5345]|XM_054336056.1:GNB1:5'UTR-intron:2/11[5345]|XM_054336084.1:GNB1:5'UTR-intron:2/10[5345]|XM_054336069.1:GNB1:5'UTR-intron:5/14[5345]|XM_054336072.1:GNB1:5'UTR-intron:4/13[5345]|XM_054336070.1:GNB1:5'UTR-intron:5/14[5345]|XM_054336078.1:GNB1:5'UTR-intron:4/13[5345]|XM_054336061.1:GNB1:5'UTR-intron:3/12[5345]|XM_054336077.1:GNB1:5'UTR-intron:3/12[5345]|XM_054336083.1:GNB1:5'UTR-intron:3/11[5345]|NM_002074.5:GNB1:5'UTR-intron:2/11[5345]|XM_054336073.1:GNB1:5'UTR-intron:2/11[5345]|XM_054336082.1:GNB1:5'UTR-intron:2/10[5345]|NM_001282538.2:GNB1:5'UTR-intron:2/9[5345]|NM_001282539.2:GNB1:5'UTR-intron:1/10[5345]|XM_054336057.1:GNB1:5'UTR-intron:4/13[5345]|XM_054336071.1:GNB1:5'UTR-intron:4/13[5345]|XM_054336081.1:GNB1:5'UTR-intron:2/10[5345]|XM_054336064.1:GNB1:5'UTR-intron:3/12[5345]|XM_054336080.1:GNB1:5'UTR-intron:1/10[1386]|XM_054336065.1:GNB1:5'UTR-intron:5/14[5345]	Effect details for each affected transcript. Format: `< transcript 1 >:<gene 1>:<effect 1>:<details 1>|...`
